{
    "AvgRevenuePerClaim": 1740.679368569195,
    "HighCostRatio": 0.16182050479244192,
    "ClaimsPerPatient": 1.2210408702512012,
    "InpatientRatio": 0.14456779437636766,
    "AvgLengthOfStay": 2.0139869555269603,
    "RevenuePerBeneficiary": 1742.4770596957553
}